gene,diplotype,phenotype
CYP2D6,*1/*1,NM
CYP2D6,*1/*2,IM
CYP2D6,*2/*2,NM
CYP2D6,*4/*4,PM
CYP2D6,*1/*4,IM
CYP2D6,*1/*10,IM
CYP2D6,*2/*10,IM
CYP2D6,*1/*17,NM
CYP2D6,*1/*41,IM
CYP2C19,*1/*1,NM
CYP2C19,*1/*2,IM
CYP2C19,*2/*2,PM
CYP2C19,*1/*17,RM
CYP2C19,*17/*17,URM
CYP2C19,*2/*17,IM
CYP2C9,*1/*1,NM
CYP2C9,*1/*2,IM
CYP2C9,*1/*3,IM
CYP2C9,*2/*2,PM
CYP2C9,*2/*3,PM
CYP2C9,*3/*3,PM
SLCO1B1,*1/*1,NM
SLCO1B1,*1/*5,IM
SLCO1B1,*5/*5,PM
TPMT,*1/*1,NM
TPMT,*1/*3A,IM
TPMT,*3A/*3A,PM
DPYD,*1/*1,NM
DPYD,*1/*2A,IM
DPYD,*2A/*2A,PM
